{
    "6938978025": {
        "tg_id": "6938978025",
        "saved_at": "2024-12-14 07:28:20"
    },
    "6923521154": {
        "tg_id": "6923521154",
        "saved_at": "2024-12-14 07:28:34"
    },
    "6984258644": {
        "tg_id": "6984258644",
        "saved_at": "2024-12-14 07:29:04"
    },
    "7173912090": {
        "tg_id": "7173912090",
        "saved_at": "2024-12-14 07:29:32"
    },
    "7008096640": {
        "tg_id": "7008096640",
        "saved_at": "2024-12-14 07:29:54"
    },
    "6453723097": {
        "tg_id": "6453723097",
        "saved_at": "2024-12-14 07:30:22"
    },
    "6210651068": {
        "tg_id": "6210651068",
        "saved_at": "2024-12-14 07:30:39"
    },
    "6493864290": {
        "tg_id": "6493864290",
        "saved_at": "2024-12-14 07:30:51"
    },
    "6823520739": {
        "tg_id": "6823520739",
        "saved_at": "2024-12-14 07:31:00"
    },
    "6178974434": {
        "tg_id": "6178974434",
        "saved_at": "2024-12-14 07:31:44"
    }
}